<?xml version="1.0" encoding="UTF-8"?>
<project-private xmlns="http://www.netbeans.org/ns/project-private/1">
    <editor-bookmarks xmlns="http://www.netbeans.org/ns/editor-bookmarks/2" lastBookmarkId="0"/>
    <open-files xmlns="http://www.netbeans.org/ns/projectui-open-files/2">
        <group>
            <file>file:/C:/Users/hanlchri/Dropbox/JavaProjects/APCS%20-%2036/Topics%20-%2033/Object%20Oriented%20-%2012/RectangleExampleForOOLesson/src/DrawRectanglesFrame.java</file>
            <file>file:/C:/Users/hanlchri/Dropbox/JavaProjects/APCS%20-%2036/Topics%20-%2033/Object%20Oriented%20-%2012/RectangleExampleForOOLesson/src/Shape.java</file>
            <file>file:/C:/Users/hanlchri/Dropbox/JavaProjects/APCS%20-%2036/Topics%20-%2033/Object%20Oriented%20-%2012/RectangleExampleForOOLesson/src/Triangle.java</file>
            <file>file:/C:/Users/hanlchri/Dropbox/JavaProjects/APCS%20-%2036/Topics%20-%2033/Object%20Oriented%20-%2012/RectangleExampleForOOLesson/src/FillType.java</file>
            <file>file:/C:/Users/hanlchri/Dropbox/JavaProjects/APCS%20-%2036/Topics%20-%2033/Object%20Oriented%20-%2012/RectangleExampleForOOLesson/src/Rectangle.java</file>
            <file>file:/C:/Users/hanlchri/Dropbox/JavaProjects/APCS%20-%2036/Topics%20-%2033/Object%20Oriented%20-%2012/RectangleExampleForOOLesson/src/RectangleV3.java</file>
            <file>file:/C:/Users/hanlchri/Dropbox/JavaProjects/APCS%20-%2036/Topics%20-%2033/Object%20Oriented%20-%2012/RectangleExampleForOOLesson/src/RectangleV2.java</file>
            <file>file:/C:/Users/hanlchri/Dropbox/JavaProjects/APCS%20-%2036/Topics%20-%2033/Object%20Oriented%20-%2012/RectangleExampleForOOLesson/src/DrawRectanglesApp.java</file>
        </group>
    </open-files>
</project-private>
