<?xml version="1.0" encoding="UTF-8"?>
<project-private xmlns="http://www.netbeans.org/ns/project-private/1">
    <editor-bookmarks xmlns="http://www.netbeans.org/ns/editor-bookmarks/1"/>
    <editor-bookmarks xmlns="http://www.netbeans.org/ns/editor-bookmarks/2" lastBookmarkId="0"/>
    <open-files xmlns="http://www.netbeans.org/ns/projectui-open-files/2">
        <group>
            <file>file:/C:/Users/hanlchri/Dropbox/JavaProjects/APCS%20-%2036/Topics%20-%2033/Recursion%208/Recursion%20Skeleton%20V2/src/GraphMap.java</file>
        </group>
    </open-files>
</project-private>
